subreddit,title
2007scape,Remove the privacy panels on the poll booth models because we don’t use em anyway
2007scape,Jim Halpert Shows His Girlfriend Swamplethics
2007scape,[Suggestion] Qol Suggestion: Skill guide icons
2007scape,Building an Arsenal: The Maple Log (#13) (Swampletics)
2007scape,My Hunter level is 2. (#12) (Swampletics)
2007scape,This guy in my class
2007scape,Mining in F2P
2007scape,[SUGGESTION] Revamp sand mechanics to be more like this:
2007scape,Make the agility guy talk to us like we ain't shit for motivation
2007scape,The Drop Table Problem - (Analysing gameplay design & reward balancing in OSRS)
AmItheAsshole,AITA For purposely stopping my classmate from winning an award and subsequently making her cry?
AmItheAsshole,AITA: Newlywed husband (32M) wanted to wait til marriage for sex and just surprised me (27F) with micropenis on the honeymoon.
AmItheAsshole,Aita for giving a woman a taste of her own behavior
AmItheAsshole,AITA for being mad that my birthday gift was sex?
AmItheAsshole,AITA for humiliating a 'fat acceptance' girl?
AmItheAsshole,AITA because my husband saw my post and says he wants to leave me and sue me? Says he wants an annulment and is considering suing me for defamation of character.
AmItheAsshole,AITA for not letting my kids go on vacation with my ex because it's my time with them.
AmItheAsshole,AITA for telling my girlfriend her hate for babies is pathetic and doesn't make her cool or edgy?
AmItheAsshole,WIBTA If I don't share my rather large (to me at least) inheritance with my aunt and 3 cousins?
AmItheAsshole,AITA for grabbing a stranger's boob?
Animemes,Hello everyone
Animemes,Woah that’s like 1 more dimension than what I’m comfortable with
Animemes,End me please
Animemes,How to make an Animeme
Animemes,And aren't we all just trying to get isekai-ed?
Animemes,Check-FUCKING-Mate
Animemes,Nekopara why do you do this
Animemes,Thank you Holo
Animemes,shonen protagonists
Animemes,"Naofumi-sama, It's fine now..."
AnthemTheGame,"Text chat? I'm mute, I physically cannot speak."
AnthemTheGame,"Remember, there are real people who poured their heart and soul into this game."
AnthemTheGame,Anthem Loot Update
AnthemTheGame,Anthem reviews are seemingly harsher than other games because it failed at a time when gamers are just fed up with being overpromised and under delivered.
AnthemTheGame,"BioWare, replace the current loading screens with pages from the Codex"
AnthemTheGame,Reward structure issues and ideas
AnthemTheGame,The man has spoken
AnthemTheGame,"A lesson I think Anthem/Bioware could learn from Diablo III when it comes to loot: ""Be Generous"""
AnthemTheGame,Nothing will kill this game faster than scarce loot drops
AnthemTheGame,"Usually using a flamethrower while flying will make you hover. If you start the lightning coil first, you become a dragon wreaking havoc on all your prey below."
Art,"Disco Dingo, Digital, 1200 x 675 px"
Art,"""Valley of the Dark"" by do-ra, digital, 2018"
Art,"Untitled, mixed media but mostly water color, 10x13ish"
Art,"Shocked owls, Digital, A4"
Art,"Candles, digital, 680x850 px"
Art,"Drink & Dream, Digital, 2500 X 1816"
Art,"Girl with Heterochromia, Irakli Nadar, Digital, 2019"
Art,"""Shrööm"", Digital, 960 x 1200px"
Art,"a miner frustration, Alfredo Rodriguez, Oil on Linen, 1954"
Art,"Over Indulgence, Photography, 2000x1333"
AskOuija,Put the money in the fucking bag! This is a ______!
AskOuija,I can’t send my son to school because he’s allergic to _______.
AskOuija,______ this post to instantly die.
AskOuija,"As my wife gave birth, the midwife pulled it out and shouted, ""It's a ____!"""
AskOuija,"My kids aren’t vaccinated, they’re ______ated."
AskOuija,If you vaccinate your kids you basically _______ them.
AskOuija,"I like movies containing drugs, sex and v_______."
AskOuija,"See you later, alligator. After while, ________."
AskOuija,"If I had a nickel for every time I’ve had sex, I would have a __________"
AskOuija,"My dad died doing what he loved most, ________."
AskReddit,You gain control of JK Rowling's twitter account for a day. What unnecessary piece of information do you add to Harry Potter lore?
AskReddit,"You are offered $1,000,000 USD if you can hide a pair of car keys from the entirety of the FBI force for 7 days. Where do you hide the keys?"
AskReddit,Which conspiracy theory is so believable that it might be true?
AskReddit,We are now less than 45 days from April Fool's Day. What 'long con' pranks should be started around now?
AskReddit,"Were you ever that 1 in 1,000,000? If so, what's your story?"
AskReddit,What free software is so good you can't believe it's free?
AskReddit,"Multilinguals, what's your ""they didn't realise I could understand their language"" story?"
AskReddit,What is something super important that is on the verge of happening?
AskReddit,People who read the terms and conditions of any website or game. What's something you think other people should know about them?
AskReddit,What is the craziest encounter of 'rich kid syndrome' that you have experienced?
BikiniBottomTwitter,Wait... is that it?
BikiniBottomTwitter,"It's no Superbowl, but they played this at the Dallas Stars hockey game"
BikiniBottomTwitter,r/BikiniBottomTwitter when Sweet Victory wasn’t performed
BikiniBottomTwitter,Gang gang gang
BikiniBottomTwitter,The NFL’s halftime show vs. The NHL’s
BikiniBottomTwitter,Let's make Squidward proud
BikiniBottomTwitter,Found this in the school computer lab
BikiniBottomTwitter,We can all agree now...
BikiniBottomTwitter,Maybe even more than one
BikiniBottomTwitter,Angry mob time
Blackops4,A paintball park where I live recreated “Firing Range”
Blackops4,Black Ops 4 Map Design Blueprints Leaked
Blackops4,Treyarch to Black Ops Pass owners after releasing DLC 1
Blackops4,Me trying to use spitfire
Blackops4,This tablet is more advanced then i expected
Blackops4,Vonderhaar gets real with the community on Twitter
Blackops4,New content update .
Blackops4,Treyarch take notes from your competition. This is what they did with the dpad instead of emotes...
Blackops4,This relatable to anyone else?
Blackops4,I think we can all agree that Activision is ruining Treyarch
Bossfight,"Pete, the unwashed"
Bossfight,"Chad Champion, Collector of Bonuses"
Bossfight,The four wholesome men of the apocalypse
Bossfight,Bruno the upper body bork
Bossfight,"Drackob, the installation wizard"
Bossfight,"Mallet-boy, the mysterious one"
Bossfight,The Creaming Terror
Bossfight,"Shaggy, savior of the galaxy"
Bossfight,The Oraclens - they know all your secrets
Bossfight,The Uwu Man.
Brawlstars,[SKIN IDEA] Nightwitch Mortis Remodeling Suggest
Brawlstars,[SKIN IDEA] Musketeer Penny
Brawlstars,[SKIN IDEA] Kimono Leon
Brawlstars,[SKIN IDEA] Clown Mortis
Brawlstars,[Skin Idea] Tiger Nita !!!
Brawlstars,Shelly bullies Gene
Brawlstars,[Idea] Bo Remodel by u/phlorpe
Brawlstars,[SKIN IDEA] Ninja cat Tara
Brawlstars,[Art] The real Star Player!
Brawlstars,Gotcha
ChapoTrapHouse,I made this; I figured ya’ll would appreciate it.
ChapoTrapHouse,Democratic Party slogan
ChapoTrapHouse,It's time for y'all to admit there's a really good chance Kamala Harris would beat Trump
ChapoTrapHouse,HE’S RUNNING
ChapoTrapHouse,Nice
ChapoTrapHouse,Accurate portrayal of the typical CTH listener.
ChapoTrapHouse,pneumonia take my energy
ChapoTrapHouse,heroic
ChapoTrapHouse,She is Braver than the Troops
ChapoTrapHouse,He has spoken
ComedyCemetery,THIS IS SAVAGE
ComedyCemetery,Back to the year 2009.
ComedyCemetery,SmartphOWNED.com
ComedyCemetery,An ad for a mobile game.
ComedyCemetery,My uncle shared this image
ComedyCemetery,What the hell lol
ComedyCemetery,Haha guys this is too funny
ComedyCemetery,You're welcome vegans
ComedyCemetery,Gotta love Facebook
ComedyCemetery,Dumb woman try to stop gamer
CrappyDesign,"Ah yes, the 18-24 year old baby"
CrappyDesign,Balenciagas new $5000 dress
CrappyDesign,Maintenance put new locks and handles on the gates for security
CrappyDesign,"Sink attached to the toilet, forming a perfect slide"
CrappyDesign,Hotel’s Mirror
CrappyDesign,The woman isn't driving in this article about women being better drivers.
CrappyDesign,These 2 useless seats in the movie theater.
CrappyDesign,Please kill me.
CrappyDesign,It’s cool just do it at night mate
CrappyDesign,The view from my hotel room
DeepFriedMemes,"Outstanding Move "
DeepFriedMemes,Ain’t that some shit...
DeepFriedMemes,It’s all due to too many videogames!
DeepFriedMemes,This is yeety
DeepFriedMemes,Hi can someone send help
DeepFriedMemes,h
DeepFriedMemes,sit down peasants
DeepFriedMemes,How many times do I have to teach you this lesson Chris?
DeepFriedMemes,"I wish "
DeepFriedMemes,peep my new wallpaper
DnD,I just revealed a dumb joke to my players that was a year in the making and it was SO WORTH IT.
DnD,"[OC] Grabbing snacks for my players today. The cashier: ""Getting ready for the big game?"" Me: ""How did... ah yes... Football... go Pats :|"""
DnD,[OC] Awesome dice tower a party member made!
DnD,[Art] Is it a nice view?
DnD,[OC] [Art] When the cleric rolls medicine instead of using a spell due to ideological differences
DnD,[ART] Magic Arrows
DnD,"[OC] I´m the guy that got the replacement sent from Wizards, which didn´t turn out to be better. Here is my new package."
DnD,My character died this weekend. I decided to write down his last moments.
DnD,[Art] Wizards of the Coast announced a new written campaign: Ghosts of Saltmarsh!
DnD,THIS is how you get a customer for life! I only ordered one metal die. The set and hand written note came as a big bonus. [OC]
DunderMifflin,You have a lot to learn
DunderMifflin,The Scranton Strangler was at Dunder Mifflin!
DunderMifflin,Happy 75th Creed!
DunderMifflin,Something to brighten your Friday.
DunderMifflin,"Bob Vance bought me this meme, it's from metropolitan Orlando"
DunderMifflin,Everyone has their opinion on what their favorite Jim prank is. This is mine
DunderMifflin,Darryl’s underrated pranking ability
DunderMifflin,I struggle not to give this answer every time I'm asked
DunderMifflin,the genie we deserved
DunderMifflin,Dwight thinking ahead
FIFA,Next promo
FIFA,Bayern Admin with the banter
FIFA,Best glitch that I have encountered
FIFA,Too bad we're undoubtedly the most spineless and guillible gaming community there is
FIFA,when ur mate Gabe does a stepover
FIFA,The entire collection of FIFA 19 content mistakes
FIFA,The Endless FIFA Cycle
FIFA,Who else doesn’t understand why EA took this out of the practice arena back in FIFA 15?
FIFA,Faxx
FIFA,A life lesson FIFA taught me
FellowKids,Think this counts
FellowKids,Today's Foxtrot.
FellowKids,"Don't make me get my leash, PETA."
FellowKids,"This was a Super bad idea, Man"
FellowKids,oof
FellowKids,wtf
FellowKids,I was organizing my hard drive and found this gem
FellowKids,In my English class
FellowKids,o god why
FellowKids,I cant think of a good title...
FireEmblemHeroes,Boons 'n Banes
FireEmblemHeroes,I draw Lucina Masked Marth [fanart]
FireEmblemHeroes,"It is time, my friends"
FireEmblemHeroes,Lunar New Year Micaiah
FireEmblemHeroes,soft casual lucina
FireEmblemHeroes,Abyssal F!Robin using only level 1 units.
FireEmblemHeroes,[fanArt] Ophelia - Daughter of Owain Dark - The chosen heroine
FireEmblemHeroes,If there exists a CYL Reinhardt in Thrud's armor……
FireEmblemHeroes,Children Stroll
FireEmblemHeroes,Comic on Gold Orbs
FortNiteBR,This guy deserves the world
FortNiteBR,Player hiding in a building? Knock it down he said.
FortNiteBR,PC Players: AIM assist and ADS spam is WAY too op. Console players have too much of an advant...
FortNiteBR,I see your backflip while doing a backflip and hitting a backflipper and raise you a backflip IRL while doing a backflip while doing a backflip and hitting a snipe.
FortNiteBR,"This was truly the most amazing Online event I have experienced, I was blown away"
FortNiteBR,"i don’t care what anyone says, this is top 5 best plays in fortnite history"
FortNiteBR,Marshmello's concert for anyone that missed it!
FortNiteBR,Players hiding in a building? Knock it down.
FortNiteBR,"Shoutout to Tfue for being a great example as to how to be respectful toward the community especially other platforms, and understanding the struggles"
FortNiteBR,I see your backflip while doing a backflip and hitting a shot and I raise the stakes with a backflip while doing a backflip and hitting a backfliper
FreeKarma4U,"Bless up with some upvotes, I’m trying to hit 500"
FreeKarma4U,How many?
FreeKarma4U,Help me with some upvotes please
FreeKarma4U,Hey guys i could use some karma. I give back like always
FreeKarma4U,Help me with some upvotes please
FreeKarma4U,"Guys, can you help me to get to 1500 karma points please? I will upvote all the comments too"
FreeKarma4U,(K4K) New Karma Post! Lets get it on :D
FreeKarma4U,(K4K) COMMENT SPAM THIS MF'ER :)
FreeKarma4U,Hey guys! I’m trying to get to 25k. I’ll upvote anyone who comments!
FreeKarma4U,Need 10 karma! Returning ASAP
Gamingcirclejerk,STOP THIS IS POLITICAL!! anyway i'm gonna go destroy israel in CS:GO
Gamingcirclejerk,What a twist!
Gamingcirclejerk,Upvotes to the left.
Gamingcirclejerk,Games were better in my childhood when they only featured straight white protagonists
Gamingcirclejerk,Posted Unironically in one of my Discord Servers
Gamingcirclejerk,"EA SUCKS, upvotes to the left"
Gamingcirclejerk,My fish got anal cancer
Gamingcirclejerk,They truly will gild anything.
Gamingcirclejerk,I've been working on the same game for 7 years now. I've scrapped it and started over 6 different times. This time I think I'm finally happy with what I have.
Gamingcirclejerk,My mother just fucking died
GlobalOffensive,Combined the faces of all the players to be a legend at all 14 majors.
GlobalOffensive,Silver sense (I'm the middle one)
GlobalOffensive,the most aussie thing ever
GlobalOffensive,Flusha's mom passed away
GlobalOffensive,♫ We started with 1 Nunchuk now we're here ♪
GlobalOffensive,Team Liquid vs ENCE eSports / IEM Katowice 2019 - Quarter-Final / Post-Match Discussion
GlobalOffensive,Pasha carrying the trophy to the stage
GlobalOffensive,New Cache Callouts
GlobalOffensive,I think i just got the best awp ace of my life yet
GlobalOffensive,Petition to upgrade the barrel of the desert eagle to be a circle instead of an octagon
HistoryMemes,I ask myself everyday
HistoryMemes,"Not sure if this is the right place to post, but whatever"
HistoryMemes,Quick fake China Is Asleep! Up-vote flag of REAL China.
HistoryMemes,"Semper Fi, my friends"
HistoryMemes,“Them boys do work” my history professor
HistoryMemes,When you open Snapchat in Vietnam's forest
HistoryMemes,Just one more Civil Dispute before bed
HistoryMemes,Can you blame him? Rome sounds way better
HistoryMemes,At least we fought
HistoryMemes,Either that or we’re all broke.
Jokes,R Kelly is really changing the rap game
Jokes,Why is girlfriend one word but best friend is two words?
Jokes,NSFW - A mother was walking down the hall when she heard a humming sound coming from her daughter's bedroom. When she opened the door she found her daughter naked on the bed with a vibrator.
Jokes,"My bullies broke my MP3-Player at school. Luckily, my parents bought me an MP4 for my birthday, but these idiots destroyed it again."
Jokes,What's the difference between a Syrian kindergarten and an ISIS hospital?
Jokes,"Pun enters a room, kills 10 people"
Jokes,What Asian stereo type do you hear the most?
Jokes,"Several centuries ago, the Pope decreed that all the Jews had to convert to Catholicism or leave Italy. There was a huge outcry from the Jewish community, so the Pope offered a deal. He'd have a religious debate with the leader of the Jewish community..."
Jokes,"When a girl changes her clothes in front of you, she's either really interested or you're level 99 friend-zoned"
Jokes,Wife: “I’m pregnant.”
KingdomHearts,It really do be like that sometimes
KingdomHearts,[KH3] [Media] /r/MurderedByWords
KingdomHearts,A masterpiece
KingdomHearts,[Media] I miss them so much
KingdomHearts,"For anyone who is still doubting if KH3 lived up to the hype, you can fly through space as a dog on a skateboard"
KingdomHearts,[Media] The Disney world we'd all been hoping for
KingdomHearts,hmmm
KingdomHearts,"Remember, there’s always someone suffering more."
KingdomHearts,"Like, okay, hair. But am I the only one who thought KH2 Kairi looks older than KH3 Kairi?"
KingdomHearts,Hallow Bastion tattoo !
MemeEconomy,Just look at this format! What a catch!
MemeEconomy,Spongebob memes are always a safe investment!
MemeEconomy,This has massive potential
MemeEconomy,OC Template - Truck driving into frame green screen (Video in comments)
MemeEconomy,"Another Indiana Jones format, probably won’t do well in the long-term - INVEST!"
MemeEconomy,Brand new normie proof green screen template to invest in! (OC)
MemeEconomy,Perfectly describes whats happening right now! Invest into boycotting NFL
MemeEconomy,Just add three things template. Couldn’t be simpler. Invest now!
MemeEconomy,Multifunctional and fresh! Stratton Oakmont CEO Approved. INVEST FAST!
MemeEconomy,Invest in the seeing eye to eye format
Memes_Of_The_Dank,Like what is a Super Bowl
Memes_Of_The_Dank,Admit it
Memes_Of_The_Dank,Only subreddit I post on
Memes_Of_The_Dank,Improvise. Adapt. Overcome
Memes_Of_The_Dank,Smfh peta
Memes_Of_The_Dank,Hi Mark
Memes_Of_The_Dank,facts
Memes_Of_The_Dank,All y'all smell like bitch to me.
Memes_Of_The_Dank,I'll buy 10
Memes_Of_The_Dank,Finally
Minecraft,So I downloaded the wrong shaderpack...
Minecraft,This is my hole
Minecraft,Not to flex on you guys but...
Minecraft,Making a reflective floor by mirroring and copying the entire room underneath the floor.
Minecraft,Custom Waterfall Biome (I spent waaaaay too long trying to make it look naturally generated).
Minecraft,a project I've been working on :D
Minecraft,hmmm
Minecraft,Had to get my heart out of my stomach after this.
Minecraft,I made a 100% automatic concrete making machine on our vanilla server
Minecraft,illegal
MurderedByWords,Boomer murdered for shitty take (resubmitted with censoring)
MurderedByWords,Enough said.
MurderedByWords,Trust us...
MurderedByWords,Paul Ryan gets destroyed
MurderedByWords,This lady is a badass
MurderedByWords,Don Jr should just become the side bar for this sub
MurderedByWords,Guy kills all four Bachelors with 0 bullets
MurderedByWords,Some fire served from the underworld
MurderedByWords,Taken from r/sadcringe but fits here perfectly
MurderedByWords,Purple heart war vet or orange ass hole?
NoStupidQuestions,Why do people wear shoes in the house?
NoStupidQuestions,Why is it so awkward to meet your cat in the wild?
NoStupidQuestions,"Matched with girl on tinder. Profile said 18, got phone number, she calls and reveals she’s 10."
NoStupidQuestions,"Is the word ""fuck"" in ""fuck bitches, get money"" supposed to mean ""ignore"" or ""have sex with""?"
NoStupidQuestions,Why is sleep deprivation normalized in college/university?
NoStupidQuestions,Does the hitler family line still exist?
NoStupidQuestions,"What would happen if I squished an entire loaf of bread in a vice and ate the ensuing ""slice"" in a couple of bites?"
NoStupidQuestions,"If you walked outside bare-assed on a cold day, could you ""see"" your farts like you see your breath?"
NoStupidQuestions,"Do all adults feel they are ""playing"" being an adult?"
NoStupidQuestions,Does anyone else get filled with so much dread about going back to work/school on Monday that it essentially ruins their Sunday evenings?
OldSchoolCool,The Great North Dakota Blizzard of 1966
OldSchoolCool,"Franceska Mann, arrived at Auschwitz in 1943, when ordered to strip, she did so provocatively, distracting the guards. She grabbed the roll call officers gun and shot him dead, then wounded one more before other prisoners joined her rebellion, before all being shot dead, 1940's"
OldSchoolCool,Nobody believed them! (Circa 1963)
OldSchoolCool,"My old man in Vietnam, 1970’s"
OldSchoolCool,My parents recreated their honeymoon picture 40 years later.
OldSchoolCool,This 1973 photo of Marvin Gaye looks like it could have been taken yesterday (pic by Jim Britt)
OldSchoolCool,"My grandmother and great grandmother late 1920s China. Since she was the only child, they kept her hair short like a boy so that she would be respected as the future head of the household. She also told me she refused to take this picture until they bribed her with grapes."
OldSchoolCool,"Slash before he grew out his hair, playing with his band Tidus Sloan at Fairfax High School, 1982."
OldSchoolCool,I wasn’t the pink ranger. I wasn’t a princess. No. I was Sonic the Hedgehog. 1994.
OldSchoolCool,"japanese archers, 1860s (colorized)"
Overwatch,"My thoughts on the new reaper update, put into poetry"
Overwatch,I’m fairly new to the game. So this made near crap my pants.
Overwatch,Living in an instant death zone in Hanamura with Immortality Field
Overwatch,Always dreamed of this day - day i would deflect Hanzo's Dragons.
Overwatch,"Timing concept for Orisa's shield, please give your feedback!"
Overwatch,Baptiste Origin Story
Overwatch,Devs understanding this is the only part of the League skins that people are gonna look at
Overwatch,"Can we get a ""night"" version of the League menu, please?"
Overwatch,Sombra can uncloak silently by emoting
Overwatch,When no one on your team can kill the snipers
PewdiepieSubmissions,Pewds livestream of fortnite has 100k more live viewers than all of fortnite on Twitch rn making him the biggest fortnite streamer
PewdiepieSubmissions,Pewdiepants
PewdiepieSubmissions,ELON MUSK MEME REVIEW
PewdiepieSubmissions,I drew pewdiepie for 24 hours straight.. I did what I could to help... small youtuber: ZHC
PewdiepieSubmissions,Youtube did an oopsie
PewdiepieSubmissions,Yaaah!
PewdiepieSubmissions,Ahh that's hot
PewdiepieSubmissions,Youtube’s copyright problem
PewdiepieSubmissions,A Tale to tell the Generations
PewdiepieSubmissions,Let's help this guy out with his project!!!!
PoliticalHumor,I’ll just put this here.
PoliticalHumor,Super Bowl joKe
PoliticalHumor,A GOP fraud getting ratted out by his family. I love a good foreshadowing.
PoliticalHumor,"Fox News ""exposing"" AOC"
PoliticalHumor,No better day than today to start
PoliticalHumor,Speaks Volumes About The Red Hats
PoliticalHumor,Republicans should stop trying to troll Ocasio-Cortez...
PoliticalHumor,Rising tides aren't trickling down
PoliticalHumor,God no anything but that.
PoliticalHumor,REPUBLICAN LOGIC
PrequelMemes,General Kenobi
PrequelMemes,When is the hd remaster?
PrequelMemes,I've stole it but you should see it
PrequelMemes,"A suprise to be sure, but a welcome one"
PrequelMemes,It’s perfectly legal
PrequelMemes,I met the great Hello There himself
PrequelMemes,When you hear that the Dallas Stars actually played Sweet Victory at halftime
PrequelMemes,*Visible Happiness*
PrequelMemes,Credits will do fine
PrequelMemes,Rogue One (2016)
Rainbow6,The wall outlets on Outback aren't the Australian outlets
Rainbow6,Saw Blackbeard on the news today
Rainbow6,My cat had the wrong idea
Rainbow6,Sick
Rainbow6,Happens every time
Rainbow6,There's a funny little animation on the Burnt Horizon main menu background if you wait long enough!
Rainbow6,What an exciting news
Rainbow6,Blitz is meta | Credit: Instagram user: @rooks.plates
Rainbow6,Crouch spamming... What do you think about it?
Rainbow6,Pokemon Six-Rainbow Edition
ShitPostCrusaders,jotaro playing with the gang
ShitPostCrusaders,Those little shits
ShitPostCrusaders,Meme monday at my school
ShitPostCrusaders,Here is another one
ShitPostCrusaders,Today is the only day you can upvote this
ShitPostCrusaders,DIO goes shopping for garden decorations
ShitPostCrusaders,Netflix Adaptation
ShitPostCrusaders,Jonathan! Why cant you be more like DIO?
ShitPostCrusaders,Which character is in the most parts?
ShitPostCrusaders,Priorities
Showerthoughts,Whoever created the tradition of not seeing the bride in the wedding dress beforehand saved countless husbands everywhere from hours of dress shopping and will forever be a hero to all men.
Showerthoughts,It would be cool if after you died you could see the top 5 times you almost died.
Showerthoughts,"The syllables in “on your mark, get set, go” are a countdown"
Showerthoughts,"Both sexes can fuck a Pringles can, but neither can do it well."
Showerthoughts,Running from the cops is the ultimate double or nothing.
Showerthoughts,Monopoly would be more realistic if the person with the most money got to change the rules whenever they liked
Showerthoughts,"If everyone on earth died simultaneously, the internet would be comprised entirely of bots posting, liking, and upvoting each other."
Showerthoughts,Posting newborn’s weight and length makes childbirth rather too similar to fishing
Showerthoughts,Inside every 85 year old man is an 18 year old saying what the fuck just happened.
Showerthoughts,"All languages travel at the speed of sound, sign language travels at the speed of light."
Sneakers,"My best friend passed away this week. Heartbroken, but wanted to share this. His joyful spirit, open heart, and love for sneakers. Miss you always B."
Sneakers,Flex Rogers
Sneakers,I made my butters a little bit more interesting. Let me know what you think!
Sneakers,Happy Valentines Day /r/Sneakers
Sneakers,This dude living in the year 3000
Sneakers,Shoutout to stockx for sending me a shoe which isn’t even remotely close to what I ordered. Never buying from there again
Sneakers,This is America.
Sneakers,When no one has commented on my sneakers all day
Sneakers,Family flex
Sneakers,"Girlfriend of 3 years broke up with me last week. Spent the Valentines Day money I was going to spend on her on me instead "
The_Donald,I WAS DYING
The_Donald,COVINGTON STUDENT SUES WASHINGTON POST FOR 250M
The_Donald,Democrats Continue To Be Shocked By Obvious Things They Vote For
The_Donald,Jussie Smollett has been indicted by a grand jury
The_Donald,The 404 page on Trump’s website leads to this. LOL
The_Donald,The current state of the political side of reddit.
The_Donald,Alleged? We have the Video.
The_Donald,"17 Silver, 18 Gold, 3 Plat. Users are wide awake."
The_Donald,Surprised CBS even showed this!
The_Donald,Reddit Today
Tinder,Just another reminder that people like to be treated like adults and ghosting isn’t cool
Tinder,I don't think she was too pleased with me
Tinder,"After 60+ custom profiles, Tinder banned me. So, here are my 8 favorite."
Tinder,Was gonna wait for her response to post this but I don’t think I’m getting one
Tinder,Straight to the point
Tinder,i’m deleting this app
Tinder,r/humblebrag
Tinder,Boys We Did It
Tinder,My back hurts
Tinder,Her profile said she wouldn't date anyone who would split the bill
Warhammer40k,Guy I played and beat today said: 'Pffft... I am not superstitious. The Dice Gods aren't real and my dice will roll what they roll' ...Me: *secretly upvotes just in case*
Warhammer40k,"Acolytes of Nurgle, circa 2018"
Warhammer40k,HOORAY FOR ZOIDBERG! <GSC Biophagus>
Warhammer40k,"I Found This in the Wilds of Colorado Springs, CO"
Warhammer40k,"A friend insists his AdMech are just intergalactic dishwasher repairmen, so I made him a relic dishwasher objective."
Warhammer40k,"I could never grasp the height of a space marine until I saw this pic, just thought I might share it since other people might be like me also."
Warhammer40k,"Whenever someone tells me that the Emperor hide amongst humanity for most of history, I immediately picture something like this."
Warhammer40k,I’ve heard painting Iconography on knights make the daemons stay in better.
Warhammer40k,The Benevolent One Walks
Warhammer40k,"Really proud with this one, especially the teeth."
WritingPrompts,"[OT] Seven months ago I responded to a prompt about a man who speaks all languages, a McDonald’s, and the horrified cashier who heard him speaking a language that has been dead for a thousand years. Today, Silvertongue is a published novel!"
WritingPrompts,"[WP] Bored with Heaven's docile wildlife, Steve Irwin rounds up a camera crew and leads an expedition to observe and study the native species of Hell."
WritingPrompts,"[WP] You die, but due to an error, instead of going to Hell, you arrive in Heck. This is the story of your travels across the rings of the 7 Forgivable Sins."
WritingPrompts,[PI] Every person can only say 100 words in their lifetime. After which they will die. Write all the dialogue for one person’s life.
WritingPrompts,"[WP] An ancient god ""cursed"" you with immortality, expecting you to watch the Sun swallow the Earth. When that day comes 7.6 billion years into the future, you're living large on the other side of the galaxy."
WritingPrompts,"[WP] You find the ""lizard people rule the world"" conspiracy to be absolutely inane. After all, you're one of them and you ain't running shit."
WritingPrompts,"[WP] A zombie outbreak occurs. It was contained and eradicated in short order with minimal deaths. It's been several months, now the government is trying to coax out the various nerds who bolted to their zombie apocalypse hideouts and haven't come back."
WritingPrompts,"[WP] You live in a martial art anime universe where the characters announce their moves before executing them. As a deaf character, you announce with sign language, which leads to resentment among your defeated opponents of your ""underhanded sneak attacks""."
WritingPrompts,"[WP] Humans can't see spirits, but the same goes vise versa. There's currently chaos in the spirit plane, hulking towers of metal and concrete are appearing at an even faster pace than before, and the spirits must investigate why."
WritingPrompts,"[WP] Medieval times, a woman is accused by villagers of being a witch and she is put in a cage to drown, after 3 minutes she is not dead so they burn her at the stake but she survives that too, villagers now realize they finally found a real witch and don’t know what to do next..."
antiMLM,Found at a coffee shop in India
antiMLM,"“Is it a pyramid scheme?” “Pyramid schemes are illegal, so no...”"
antiMLM,Literally the definition of pyramid scheme.
antiMLM,Please Just Kill Me Already #UnsupportiveHusband
antiMLM,MLM hun tries to give career advice to my friend who is in medical school
antiMLM,"My cousin said she had a ""huge announcement for all her family"" and tagged everyone, me, my mom, my sister, all our aunts and cousins... and went live on Facebook..our whole family thought she was pregnant or that something bad happened..she wanted to announce that she joined and now sells Arbonne.."
antiMLM,Wholesome mlm success story! Poor girl :( At least we saved one!
antiMLM,Someone dropped this off at my restaurant without asking me first... How dare they
antiMLM,"Cram it, Stacy"
antiMLM,"After seeming to message all my friends the same message, I decided to respond"
apexlegends,This guy deserves nothing but respect. A one armed veteran going by the name of “ToeYouUp“ on Twitch getting his first Apex win. Incredible.
apexlegends,"11 months ago, this was leaked in r/titanfall. All he got was pessimistic comments."
apexlegends,Me :(
apexlegends,"Petition to make Pathfinder say, ""My battery is low and it is getting dark"" when low on health"
apexlegends,Welcome to my Lab
apexlegends,In this game I haven’t felt satisfied with any of my wins yet. Does anybody else want this instead?
apexlegends,New Legend Leaked: KARMA!
apexlegends,Let the kill leader have a crown on the skull next to their kills!
apexlegends,"Jokingly asked EA support to play a game of Apex, did not expect this."
apexlegends,Pro Tip: Take control of early game with this method when you're unable to find a gun
assholedesign,Skype never closes
assholedesign,Price was $5.76. Can only pay with quarters.
assholedesign,Perfectly fine lighters with no way to refuel them... planned obsolescence is asshole design and terrible for the environment.
assholedesign,"Facebook splitting the word ""Sponsored"" to bypass adblockers"
assholedesign,"Wondered why my new sheets felt like garbage "
assholedesign,"Skype removes the ""Exit"" option; replaces it with ""Hide"". The Hide button does not hide Skype - it opens it."
assholedesign,The bathroom in my hotel room is the public bathroom for the entire floor...
assholedesign,How to beat the system.
assholedesign,This streaming site suggests turning off Adblock if you want ‘better streaming speed’.
assholedesign,I hate when youtubers do this
aww,Staying at an AirBnB and I woke up to their kitten this morning licking my face. Instant 5 star review
aww,Service doggo walks on glass floor for the first time
aww,Mary was kicked out for loving Jake. Married for 65 years. Cheers for love!
aww,Dog absolutely loving 101 Dalmatians in bar
aww,My aunts cat hates when she leaves so she guards her keys everyday. I told her to film it as proof and this is what she sent me.
aww,Baby duck
aww,"Mister Weez was always my big chonk. After a year of diet and exercise, he’s now my small/medium chonk."
aww,This is Phil.
aww,"""Time for bed kids!"""
aww,My sister rescued this baby girl and gave her new ears
boottoobig,"You’ve lost the will to live, you’re bored out of your sack,"
boottoobig,"Roses are red, I am single"
boottoobig,"Violets are blue, roses are red"
boottoobig,"Roses are red, rocks are gray"
boottoobig,"Roses are red, why do I try,"
boottoobig,"Roses are red, well I'll be damned"
boottoobig,●
boottoobig,"Roses are red, an angry dog snarls,"
boottoobig,"Roses are redd, butts have a cracc"
boottoobig,"Roses are red, this doesn't work as advertised"
cats,I made a custom logo for r/cats because the default is a bit drab
cats,"She came to me with a weakend, soft meow, and a sad look in her eyes as if to say, ""Mama, I'm tired. I'm ready now."" So we laid down in the grass together to soak up the morning sun, one last time. Thank you for 21 years of pure devoted friendship and loyalty. Goodbye my little jungle cat."
cats,Prettiest flower in the garden
cats,"Gaze long enough into the abyss, eventually the abyss gazes back."
cats,My cat got in the way while I was washing my face before bed and I got the best picture of her I’ve ever taken.
cats,How a cat must feel when you post their picture on reddit.
cats,monch?
cats,new and improved snoo cat
cats,Meet the family
cats,There are two types of people.
comedyheaven,the baby was bald
comedyheaven,Nigeria
comedyheaven,Amazing
comedyheaven,Mind blowing
comedyheaven,Arrrgh Spongebob me boy!
comedyheaven,ribs
comedyheaven,S C R U M P T I O U S
comedyheaven,"non "
comedyheaven,Please don't please don't please don't
comedyheaven,It's Quito btw
dank_meme,Facts
dank_meme,wholesome
dank_meme,My son
dank_meme,See you again
dank_meme,Oh
dank_meme,We all can agree with the man.
dank_meme,On god
dank_meme,dank_memeirl
dank_meme,You can't.
dank_meme,Limited edition quarters
dankmemes,Reality is often disappointing
dankmemes,Hockey >> Football
dankmemes,Super annoying smh
dankmemes,The classic formula
dankmemes,Who's next
dankmemes,reality can be whatever I want
dankmemes,This is America!
dankmemes,Just let me drink a free resource god dammit
dankmemes,Good thing I'll go away soon
dankmemes,Whoa
drawing,Every day my very talented Anatomy student draws something for us. I’m going to do a better job keeping record.
drawing,"I just got accepted into an art program, this was one of my portfolio pieces"
drawing,self portrait improvement
drawing,This happy kaiju on a thermal power plant.
drawing,"I like unfinished, broken drawings fading into the page. I hope some of you too."
drawing,This is what I imagined on a rusty pole by the sea.
drawing,It's a caterpillar with a machine gun except I don't know how to draw weapons
drawing,I’m a 22 year old mom and self taught artist who really dreams to make a living off of selling art. Any tips/advice would be very appreciated.
drawing,I like to draw ON pictures (I usually use Instagram so I’m new to reddit)
drawing,"My father is taking up drawing for a hobby. He told me to ""post it on that Reddit website"""
entitledparents,"My Parents Found Out That I Have Money, Wants Me To Give It all To Them"
entitledparents,I am the CEO
entitledparents,EP: Wake your kid so my boy can have her toy
entitledparents,"I do not care if you have CaNCeR, my child DESERVES your seat!"
entitledparents,“WHAT KIND OF SICK PORN IS THAT?!” Entitled ain’t tried to steal my computer and hits my mum
entitledparents,My father sexually abused me as a child. He is also looking forward to helping care for his grandchildren when I have them.
entitledparents,"You're my child, I have the right to poison you!"
entitledparents,"You WILL date my daughter, or I'll get you FIRED!"
entitledparents,Entitled mom tries to deny her dying son his wish and tries to KILL him because the books I got for him are 'satanic'
entitledparents,EM wants me to lie about witnessing sexual harassment to protect her son
exmormon,"Left: me at 20, hoping my mission would cure my gender dysphoria. Right: me at 27, realizing I don't need a church's approval to be my true self!"
exmormon,"Left BYU about 6 years ago to try out this ‘gay’ thing I kept hearing so much about. Now I’m married to this cutie, so I think it worked out well."
exmormon,"Me, the night I was excommunicated, after 43 years of membership. It was as it should be. I was exhausted for three days, afterward. Nine months later, I rest with peace and the humble realization that I am alright. You will be, too!"
exmormon,well damn
exmormon,"Our daughter was at a friend’s house when her friend’s dad (a Bishop) asked what ward we are in. She told them we aren’t Mormons. Her friend asked what religion we are. She thought about it and said. “We’re chill.” And that folks, is our new religion."
exmormon,A Faithful Mormon Friend Said To Me This Morning That Gay People Are Getting Too Many Rights Now Days. This Image Came To Mind And I Told Him I Felt The Same Way About Untaxed Churches. He Blocked Me On Instagram.
exmormon,2 of 4 siblings out! This is our freedom picture with our resignations in hand. Life is so good!
exmormon,The verdict is in. I like margaritas.
exmormon,Forget shoulders...
exmormon,"In the past few weeks, I've had the daughters of three prominent General Authorities (you'd know them all...the Dads I mean) reach out to me as non-believing. We are reaching a tipping point I think."
facepalm,"Media "
facepalm,Logic
facepalm,"It should read ""So I am being fired"". If you don't trust the science behind your chosen career, FIND ANOTHER FUCKING CAREER!"
facepalm,"Ok, now i get it"
facepalm,YES. YES YOU COULD HAVE.
facepalm,"I’m not really sure what to say about this "
facepalm,Are millennials killing not being healthy?
facepalm,"Get out your healing stones and oregano oil, huns"
facepalm,This basically sums up the anti-vaxxer movement in one FB post.
facepalm,Fox News calling Trump fascist
food,[Homemade] Blackberry-Lemon Cheesecake
food,[Homemade] Gyoza
food,[I ate] Garlic Knot Pizza
food,[Homemade] Brisket and Sausage
food,[I ate] a sandwich of Burnt Ends.
food,I get carried away when making charcuterie boards [homemade]
food,[Homemade] Steak frites and a wedge salad.
food,[Homemade] cajun chicken pasta with sun dried tomatoes
food,[Homemade] Succulent Cupcakes with Buttercream frosting
food,[Homemade] doughnut cheeseburger
forhonor,The devs made a free signature for zerker in honor of Stefan Karl Stefansson (may he rest in peace)
forhonor,Hello Darkness My Old Friend
forhonor,When an execution gets you out of harms way
forhonor,Forever Number 1
forhonor,NobuSHETHICC
forhonor,Shield bash meta?
forhonor,Oh fuck oh god
forhonor,Black Prior Conga Line (14 bulwark counters in a row)
forhonor,The mind games are too strong on this one.
forhonor,The Frank Reynolds Meme Trilogy: The Shocking Conclusion!
funny,Reminds me of taking a bath
funny,"Forecast was for freezing rain, but had to go check it out..."
funny,Jamaican Super Lotto winner taking NO CHANCES
funny,"My fiancée thinks I can only embarrass him once this month, but now I have obtained the video. Happy Valentine's Day"
funny,Good Networking Advice
funny,I switched out all my co-worker's cheat sheets while he was out.
funny,Someone called the police on kids sledding down a road so the cops investigated
funny,Mark Wahlberg invited this homeless man to eat for free at his restaurant.. Respect
funny,My dad and I recreated a tender moment 34 years later
funny,Tell me your favorite song
gaming,"I rejected 12 offers from major publishers to make my first game DARQ the way I dreamed it to be. They told me ""you can't make it without us"" and wanted up to 80% cut & IP."
gaming,Anyone else guilty?
gaming,My Grandma has played Wii Fit everyday for over 10 years!
gaming,I found out that my calculus teacher is actually a world record holder in Donkey Kong and has his own documentary
gaming,"Remember when Satoru Iwata cut his salary by 50% for 5 months due to the commercial failure of the Wii U, instead of firing people...these companies should take note."
gaming,At this point just buy a plane..
gaming,"Chess counts, right?"
gaming,"So Activision has secretly added Loot Boxes to BO4. It is now a $60 game, with a $50 season pass, that also has a battle pass you can buy tiers on, direct purchases in game, and now supply drops. Seriously, stop buying Activision’s Games people."
gaming,This was on my local GAME store...
gaming,I'm a truck driver. I 80 is shut down right now and there is a little arcade inside the truck stop. A new competetive scene has emerged.
gatekeeping,Unsure if this belongs here
gatekeeping,Stop appropriating Japanese culture!!
gatekeeping,This one's AMAZING
gatekeeping,Shouldn’t learn Braille if you aren’t blind
gatekeeping,The gate keeper of gate keeping
gatekeeping,I loved Ted first
gatekeeping,White people can't cosplay black characters
gatekeeping,Soo uhh this is kinda awkward
gatekeeping,You can't can't victimise yourself more than this lady here.
gatekeeping,You're not REAL LGBTQ if you are the B enjoying part of your sexuality. (from r/bisexual)
gonewild,"Bitch from Pakistan, what up?   (f) 21"
gonewild,I[f] you ever wondered what your teacher looked like underneath
gonewild,Do 41 year old mil[f]s have a shot in GW?
gonewild,(F) I'm 42. Had 3 kids. And fuck it......I'm gonna compete with all the hot teens and 20-somethings on GW! Bring it on!
gonewild,"[F]irst time actually showing all of my face. Please, be kind."
gonewild,"The riskier the flash, the better  34(f)"
gonewild,"(25f) Bored in the student lounge so let’s post the pic I took before I left for school. All nipples and hips "
gonewild,Mile high club anyone? (Gallery in comments) (F)
gonewild,"To all the girls out there, don’t be afraid to post because of what others might think! All women are beautiful on the inside and out!   [f]"
gonewild,"If my body could talk, she’d said, “fuck me .” [f]"
iamverybadass,stay back 100 meters or you will be shot
iamverybadass,Someone I knew from high school
iamverybadass,Cousin of mine
iamverybadass,I’m cringing a little at this sign my parents just bought for the front door
iamverybadass,"It's not the tweet, it's the super badass caption that Being Libertarian felt the need to add"
iamverybadass,This is the greatest discord badass of All Time
iamverybadass,Comment on a post about an old couple having to slowly put back potatoes one at a time at a grocery store until the price was low enough because they are poor
iamverybadass,Man isn’t even in the Marines yet
iamverybadass,“A living nightmare”
iamverybadass,Badass spotted watching Gordon Ramsey eat wings
ihadastroke,Deadly Water
ihadastroke,Yesno
ihadastroke,I mean idk dude i guess
ihadastroke,Hm?
ihadastroke,I’m bringing chilli
ihadastroke,"Ah yes, firdwrk, my favorite"
ihadastroke,yeet
ihadastroke,Welcom’e to the Tagret
ihadastroke,Girlfriend had a small stroke at 4 am
ihadastroke,I never knew
insanepeoplefacebook,Not all heroes wear capes.
insanepeoplefacebook,"This lady banned all non-vegans from her wedding, including family and bridal party."
insanepeoplefacebook,Shes not happy
insanepeoplefacebook,"That's not how it works, that's not how it works at all"
insanepeoplefacebook,Autistic Bees
insanepeoplefacebook,Reason #142 why most political opinions suck
insanepeoplefacebook,Why mom
insanepeoplefacebook,Racists strike again
insanepeoplefacebook,Posted unironically on Twitter.
insanepeoplefacebook,she was found dead btw
itookapicture,ITAP of a VW Bus reflection
itookapicture,ITAP of a frozen lake.
itookapicture,ITAP of a ballerina in the city
itookapicture,ITAP of a gator in the Everglades
itookapicture,ITAP of my girlfriend in front of a mountain lake
itookapicture,ITAP of a sunset snowstorm in Iceland
itookapicture,ITAP of a motorcyclist
itookapicture,ITAP Of Some Shipping Containers
itookapicture,ITAP of the sunlight shining through a keyhole.
itookapicture,ITAP of a man crossing the street in Tokyo
ksi,I think we need a little rewind
ksi,"THE ""I EAT ASS"" TATTOO!!! - KSI told me to do it"
ksi,i think its a fair deal
ksi,.
ksi,Leaked pictures of KSI sparring
ksi,look at the top of his head
ksi,For real tho...
ksi,Insert title here
ksi,JJ's new hair looks dope
ksi,Upvote if you can picture this happening
legaladvice,"Update, my son took the Boba Fett figure."
legaladvice,My (F26) husband (M28) shared me with his friends while I never consented to it
legaladvice,[CO] My ex lied about vaccinating our immune compromised 8 year old daughter. She now has chicken pox and is in the hospital. I want my ex as far way from my daughter as possible.
legaladvice,"[MN] My niece [14F] had her new Northface jacket stolen from her locker at school, they refuse to do anything, despite video evidence, and instead they insist the thief has “rights”"
legaladvice,"UPDATE Neighbors off leash dog attacks and injures my dog, sister, and myself. Now she's trying to sue me. We're the ones with 29k in medical bills. NC USA"
legaladvice,[FINAL UPDATE] Company cut down trees without permission
legaladvice,"(update) [Nebraska] I just closed on a new house, sellers allege that I owe a portion of their 990$ security system cancellation fee because I did not take over their contract. Threatening small claims court."
legaladvice,[MN] A girl is planning to claim I am the father of her baby when we never had sex
legaladvice,"UPDATE Ex is saying that she lives with me and that I’m abusive, police kicked me out of my own house"
legaladvice,"Exwife is going off the deep end. This is in NJ, USA. Can I do anything here?"
marvelstudios,Chris Evans' fist pump when he sees Black Panther winning Best Production Design is everything. Team Marvel all the way.
marvelstudios,Marvel Studios' Avengers: Endgame - Big Game TV Spot
marvelstudios,I just want to give a shoutout to our very own Don Cheadle for this. You made my younger trans sister cry tears of joy when she saw an Avengers actor publicly supporting her. Thank you sincerely.
marvelstudios,"The actors in Black Panther were amazing, but they didn't do everything. These are the stuntmen responsible for the action scenes between Black Panther and Killmonger: Khalid Ghajji and Daniel Graham"
marvelstudios,"I’ll be honest - I thought the ‘girl power’ crap was overblown. But seeing my daughter look at this and feel like she could be a super hero, too made me well up."
marvelstudios,"Rest In Peace Oreo 2009-2019, the raccoon who inspired Rocket’s look in the MCU"
marvelstudios,I think we all know who should really play J. Jonah Jameson in the MCU
marvelstudios,I'm certain the Avengers trilogy has just been a pissing contest between the villains to see who can drop the heaviest thing
marvelstudios,"Thor: Ragnarok fight scene but ""Holding out for a Hero"" is playing"
marvelstudios,Loki's face though
memes,Our saviour
memes,Wait. That’s illegal
memes,beautiful
memes,Sorry i don't speak oil
memes,"We have to defend Steve Irwin's memory, PETA has gone too far."
memes,Destroyed with logic...
memes,This is wholesome
memes,hol’ up
memes,Sigh! Here we go again . *sorts by controversial*
memes,I was born in the wrong generation >:(
mildlyinfuriating,This is what grinds my gears
mildlyinfuriating,Erasers like these
mildlyinfuriating,UPS doing what they do best.
mildlyinfuriating,"My girlfriend opens new water bottles without finishing the others first. Send help, please."
mildlyinfuriating,She doesn't eat the part of the fry her fingers touched
mildlyinfuriating,Wife doesn’t pay attention to what we already have when buying groceries.
mildlyinfuriating,"I couldn't get my grass to grow, so I replaced it with a rock bed. Six months later and the grass is growing better than ever."
mildlyinfuriating,"Giving the Side Eye "
mildlyinfuriating,75% required to pass this practice exam...
mildlyinfuriating,When you reach the end of your deodorant and the deodorant part falls out
mildlyinteresting,My neighbors are moving their entire house back 200ft.
mildlyinteresting,This door in my hotel bathroom can close off either of 2 doorways.
mildlyinteresting,Two batches of Honey from the same bees. The left jar is from this autumn and the right jar is from this summer.
mildlyinteresting,This restaurant gives you a discount if you have well behaved kids
mildlyinteresting,This Sprite can I found in the ceiling of an old mall.
mildlyinteresting,My plant can't grow close to the Wi-Fi hub.
mildlyinteresting,The way the ice froze on my car this morning
mildlyinteresting,Heavy Rain Turns Stairway Into Waterfall
mildlyinteresting,These knives at my work have been used so much they're almost gone.
mildlyinteresting,Snow covered net roof of the aviary in the zoo. [OC]
nba,Wade kills the Warriors at the buzzer with a three!
nba,"Kareem Abdul-Jabbar is auctioning off his championship rings and MVP trophies for charity: ""When it comes to choosing between storing a championship ring or trophy in a room, or providing kids with an opportunity to change their lives, the choice is pretty simple. Sell it all."""
nba,Curry bounces it high for the Giannis slam | TNT
nba,[The Onion] Knicks confident they have the cap space to ruin 2 or 3 promising careers
nba,"Isaiah Thomas likes tweet: ""Boston dumped Isaiah Thomas after he ruined his hip carrying the Celtics in the Playoffs day's after his sister died. Read that sentence again. Kobe ripped his Achilles off the bone and the Lakers gave him 50 million dollars. Some companies take care of their stars."""
nba,Rondo game winner at the buzzer | TNT
nba,NBA officially proposes lowering draft age to 18
nba,"Lebron: ""They be telling you guys to.. just shutup & be doctor, or just shutup & be laywer, or just shutup & be a teacher, or just shutup & do whatever your occupation is, & I just think that's unfair to all of us, because we are so much more than what our occupations say or what our name tag says"""
nba,Warriors coach Steve Kerr on Super Bowl 53: 'It just gets old watching the same team win'
nba,Marcus Smart takes a page out of Kyrie's book
niceguys,“Fedora with arms”
niceguys,Nice guy demands a gf
niceguys,"A Facebook friend had her bf pass away recently, and she shared this experience from a ""nice guy"""
niceguys,(satire) nice guys NEVER win at bars
niceguys,"UPDATE: ON ECONOMICS GUY (once a nice guy, always a nice guy)"
niceguys,NiceGuys X CreepyAsterisks crossover
niceguys,Nice guys and creepy asterisk crossover courtesy of my boyfriend
niceguys,"You are a sad, strange little man. You have my pity. Farewell."
niceguys,NiceGuys logic
niceguys,an honest observation
nostalgia,Rectangle pizza was the heavy hitter of school lunches in the 80s and early 90s
nostalgia,The green turtle sandbox
nostalgia,A weird thing but does anyone remember when strawberries at the store came in these green plastic baskets?
nostalgia,Rappers today look like Doodle Bears
nostalgia,Scooby Doo Gummies Anyone remember the blue ones
nostalgia,Playing Doom on your home pc
nostalgia,Anyone remember making these shoebox dioramas for school?
nostalgia,When the back of a cereal box was your morning paper.
nostalgia,I found my old Sidekick. Feels just as good as it did back then
nostalgia,Trix Yogurt by Yoplait was pretty bomb
oddlysatisfying,Wallace sculpted from a 40lb block of sharp cheddar
oddlysatisfying,Perfect chocolate devouring courtesy of artist Kevin Parry
oddlysatisfying,This Kinder Surprise Box
oddlysatisfying,Fruits and Vegetables
oddlysatisfying,I’m an art teacher and I moved to a new school this past summer. The previous teacher did not share my love of organization. Behold the before and after of my paper closet!
oddlysatisfying,Baking
oddlysatisfying,Inflatable monsters outside of car dealerships
oddlysatisfying,[OC] The way this sand falls on this sand dune in the Sahara
oddlysatisfying,This clean ice
oddlysatisfying,Wax Seal
okbuddyretard,"about time that robert man was banned! Phew, he was such a cringe! xD"
okbuddyretard,Mom please I need it
okbuddyretard,OUR DAD IS GONE
okbuddyretard,Now this is epic
okbuddyretard,oh no! mrs. fritz !!
okbuddyretard,Bock and call
okbuddyretard,school is fuck!
okbuddyretard,Cringe normie didn't get the joke lmao
okbuddyretard,this belt kinda slick tho
okbuddyretard,stupid fucking mods i wil leat you itll be so epic
pcmasterrace,Can we take a moment to appreciate all that Linus Sebastian has done for us?
pcmasterrace,Still the best platform!
pcmasterrace,The good ol' days.
pcmasterrace,Why
pcmasterrace,Be brave little one.
pcmasterrace,Facts or nah?
pcmasterrace,This subreddit in a picture
pcmasterrace,Made a thing...
pcmasterrace,Superior
pcmasterrace,Seems good to me
pics,"Given that reddit just took a $150 million investment from a Chinese censorship powerhouse, I thought it would be nice to post this picture of ""Tank Man"" at Tienanmen Square before our new glorious overlords decide we cannot post it anymore."
pics,"Today, NASA will officially have to say goodbye to the little rover that could. The Mars Opportunity Rover was meant to last just 90 days and instead marched on for 14 years. It finally lost contact with earth after it was hit by a fierce dust storm."
pics,This person sold their VHS player on eBay and got a surprise letter in the mailbox.
pics,The real picture of Tienanmen Square people should be posting
pics,Went to open my fridge. Definitely thought my hand was connected properly.
pics,His adventure is just beginning
pics,"If Batman is so rich, then why does he have to keep renting out his garage for music videos?"
pics,Original look back meme
pics,Pulled over on the highway to get this photo. I’m glad I stopped.
pics,Ross from Friends with Nicolas Cages face on him just makes him look more like Ross
pokemon,Pokemon Sword and Shield is Generation 8!
pokemon,Kowalski always delivers
pokemon,A star is born
pokemon,Well this is awkward
pokemon,Millenials to Gen Z
pokemon,Shiny Gengar
pokemon,this is getting out of hand
pokemon,The real reason to use Machamp
pokemon,I love all of the eeveelutions
pokemon,hmmm
politics,"Ohio city to stop observing Columbus Day, make Election Day holiday instead"
politics,Alexandria Ocasio-Cortez's 'Corruption Game' Speech Is Now the Most Viewed Twitter Video of Any Politician
politics,Megathread: Bernie Sanders announces 2020 presidential run
politics,Alexandria Ocasio-Cortez Exposes The Dark Side Of Politics In 5 Incredible Minutes
politics,Fox News Hosts Are Horrified to Learn Their Own Polls Show People Want to Tax the Rich
politics,16 states sue President Trump over border wall
politics,Matt Gaetz Under Investigation By Florida State Bar Over Michael Cohen Threat
politics,GOP Finally Has Documented Case of Election Fraud — Committed by Republicans
politics,Bernie Sanders Politely Asks Supporters Not to Harass His Opponents
politics,Alexandria Ocasio-Cortez’s “lightning round” on money in politics goes viral
rarepuppers,When all the puppers wake up from their nap at once...
rarepuppers,Housesitting means I have a video game buddy this weekend.
rarepuppers,Have you even seen such an angel?
rarepuppers,Where can I find this goodboi?
rarepuppers,The noble Samoyeds
rarepuppers,"The cuteness, it hurts."
rarepuppers,Doggo who gives the highest of fives.
rarepuppers,Pupper too light to make snowprints
rarepuppers,Cute fluffo
rarepuppers,A VERY VERY HARD-WORKING BOY
reddeadredemption,When you've killed 2 legendary animals but only have 1 horse
reddeadredemption,"As a Native American, Rains Fall seemed odd to me and I couldn't place why. I figured it out, and it's because he has eyebrows. In the 19th century, my people, the Lakota, of whom Rains Fall belongs, did not have eyebrows, as facial hair was seen as ugly and unmasculine, and was plucked regularly."
reddeadredemption,LMAO....worst death ever in RDR 2 ?
reddeadredemption,This fucking update made Online even worse
reddeadredemption,The mad man actually did it
reddeadredemption,Found that one saloon from St. Denis irl in New Orleans
reddeadredemption,So yeah....... day two of broken online
reddeadredemption,Found a way to kill Micah. Enjoy.
reddeadredemption,Working on my Arthur drawing. Hope y’all enjoy
reddeadredemption,Thanks Rains Fall
sbubby,"Dear Americans,"
sbubby,Why did I spend a whole week on this?
sbubby,just stop
sbubby,Only epic gamers will get this 300 iq maymay
sbubby,A beautiful comedy
sbubby,Oh god oh frick
sbubby,What store are you at?
sbubby,Complete garbage (oc made by me)
sbubby,to all those rich redditors out theres
sbubby,super bowl
softwaregore,Chrome PDF viewer crashed while printing a document
softwaregore,Wing flex on a Boeing 787 in a flight simulator
softwaregore,The OG software gore.
softwaregore,My TV frozzzzzeeee.
softwaregore,I’ll get him to 0 followers
softwaregore,Who lives in a nightmarish void under the sea?
softwaregore,A Very Important Day in Mexican History
softwaregore,Everything is good
softwaregore,Flight simulators should stick to flying objects apparently
softwaregore,"Yes google, seems legit"
succulents,Variegated jellybean update: 6 months old and looking tasty
succulents,Don't talk to me or my son ever again.
succulents,Aeonium greenovia
succulents,"Found a leaf in a dust pile 3 years ago this month. Stuck it in dirt, and it grew! Here's my Snake plant named Floor Leaf."
succulents,I made a succulent bouquet for my wedding last week
succulents,Look at this beautiful Sempervivum Calcareum I just got at Home Depot today. You like?
succulents,Bought this candle for the planter it will be later!
succulents,These flowers only last one day.
succulents,"I fricken love succulents, they create their own rules on propagation."
succulents,"I think he’s much happier now that he has a home "
teenagers,Its been 1 year already since Peter Wang died while attempting to save his fellow classmates
teenagers,ATTENTION ALL TEENAGERS: This sub is an early breeding ground for future INCELS and we should work to prevent it.
teenagers,It was so disappointing..
teenagers,"Keeping the Wii Shop Channel open for as long as possible: Day... End. A power outage has struck, ending my journey. Thank you to all of my followers and to everyone who helped along this journey. Thank you Nintendo for 12 years of joy. May the shop stay with us forever <3"
teenagers,"Keeping the wii shop channel open for as long as possible: Day 8. Its been more than a week, the wii has been staying cool and quiet. Progress is running smoothly. I am one of the last people on the servers by now, wish me luck everybody."
teenagers,How do I full screen it
teenagers,They’re very special indeed
teenagers,His reaction to my post going viral
teenagers,My friend abruptly got off xbox so I asked him why
teenagers,"You guys THOUGHT the Wii Shop Channel was officially dead, but I and potentially many others have yet to experience a power outage. May the battle continue a little longer."
thatHappened,Ultimate Survival Mode
thatHappened,What a weird fucking thing to say
thatHappened,He literally bowed.
thatHappened,Delusional tall man thinks women openly drool over his phenomenal height
thatHappened,"Yes of course,it happened...."
thatHappened,I’m not like most white guys
thatHappened,"Man, she sure showed him!"
thatHappened,Molester Moon
thatHappened,And then she revealed herself to be Howard Schultz
thatHappened,Uhm does that count as a pedophile
todayilearned,"TIL in the 1880s, the Harvard Observatory director was frustrated with his staff, and would say ""My Scottish maid could do better!"" So, he hired his Scottish maid. Williamina Fleming ran a team for decades, classified tens of thousands of stars, & discovered white dwarfs and the Horsehead Nebula."
todayilearned,"TIL Mike Tyson loved keeping pigeons as a kid and the first fight he ever got into was when a thug ripped the head off one of his birds. He said, “The pigeon was the first thing I ever loved in my life. I don’t know why, I feel ridiculous trying to explain it. Pigeons are just so much like people.”"
todayilearned,"TIL a Harvard study found that hiring one highly productive ‘toxic worker’ does more damage to a company’s bottom line than employing several less productive, but more cooperative, workers."
todayilearned,"TIL that a Polish environmental charity put a SIM card in a GPS tracker to follow the migratory pattern of a white stork. They lost track of the stork and later received a phone bill for $2,700; someone in Sudan had taken the SIM from the tracker and made over 20 hours of calls."
todayilearned,TIL that the Chernobyl disaster could have been 10x worse and could have affected most of Europe if three volunteer divers didn't drain a pool to prevent a second explosion.
todayilearned,"TIL that when Michael Jackson granted Weird Al Yankovic permission to do ""Fat"" (a parody of ""Bad""), Jackson allowed him to use the same set built for his own ""Badder"" video from the Moonwalker film. Yankovic said that Jackson's support helped to gain approval from other artists he wanted to parody."
todayilearned,TIL that the NFL made a commitee to falsify information to cover up brain damage in their players
todayilearned,"TIL that an Anti seat-belt advocate, Derek Kieper, once wrote that “Uncle Sam is not here to regulate every facet of life no matter the consequences.” He later died after being thrown from his vehicle while driving without a seat-belt."
todayilearned,"TIL That most female cheetahs go their entire lives without raising a single cub to maturity. The species is dependent on ""supermoms"" that are particularly adept at raising cubs. One such supermom, Eleanor, has mothered at least 10% of all adult cheetahs in the southern Serengeti."
todayilearned,"TIL High priced college textbooks bundled with ""access codes"" that expire at the end of the semester largely force students to buy books at retail prices at campus bookstores and render the texts worthless in the resale market. Nearly four in 10 college courses bundle their texts with access codes."
traaaaaaannnnnnnnnns,Not all heroes have capes
traaaaaaannnnnnnnnns,The struggle
traaaaaaannnnnnnnnns,Downvoting casual transphobia on default subs
traaaaaaannnnnnnnnns,Titty skittles is good and all but...
traaaaaaannnnnnnnnns,"Just came out to my grandma, I love her so much aaaaaaa"
traaaaaaannnnnnnnnns,And that's the tea
traaaaaaannnnnnnnnns,Emotions_irl
traaaaaaannnnnnnnnns,
traaaaaaannnnnnnnnns,"I don't care whether this is true or not, it's just badass."
traaaaaaannnnnnnnnns,for anyone who needs it as much as i did
trashy,What a racist lady has to say after letting her cross the street first
trashy,Last night around 11:30 an amber alert was sent out to everyone's phone asking for people to keep an eye out for an 11 year old girl that was abducted by her father. The police had to tweet this out shortly after. Unbelievable.
trashy,"She is an adult and that girl is really small.She literally snatched the ball from the little girl, without even thinking about how old and trashy she would be."
trashy,"Every employee at this Sonic location quit because the new owners lowered their pay to “$4 per hour, plus tips”. But fast food workers never get tipped, so how is this even legal?? Shame on the new owners"
trashy,This guy killed my bud and posted this before he was arrested today.
trashy,"Our dorm building only has one facilities person to clean, she works so hard yet the people on my floor are still disgusting. I can't blame her for leaving this note."
trashy,Happy Trashy Valentines Day!
trashy,Found this in my apartment's stairwell. Give them their granny back!
trashy,How Walmart packages their betta fish
trashy,All mother aren’t great
trees,"Dem senator introduces S. 420 bill that would legalize marijuana. Welp, there it is, the bill that would legalize weed federally. Now make sure everyone knows about it. Friends, family, city council, state reps, state sens, congressman, senators, govs. Let EVERYONE in power know you support S. 420!"
trees,"Two years ago I posted on r/trees and she commented on that post. Now I'm 4,684 miles from home at a bar with her"
trees,"I got so high at the cinema, I couldn't move and sat through 5 movies as people came and went. But then I realized I'd just sat through the trailers."
trees,"Smoking one last time before I say good bye. Realized I had nothing left here, and have decided to just move west to a legal state. No friends, no family, here I go!"
trees,"CBS wouldn’t agree to playing a medical marijuana ad, but they agreed to a Scientology one. Something is wrong here."
trees,"When your grandma finds your grinder "
trees,56 joints for $55 at my local dispensary. Adios muchachos
trees,1986 Coke can found in a ceiling.
trees,Especially true for Backwoods.
trees,Enter
unpopularopinion,"We spend TOO much time discussing homosexuality when only ~4% of the population is gay, but meanwhile 80% of the population of the planet lives in poverty."
unpopularopinion,Just because you can sing a popular song at half speed in a breathy voice whilst slowly strumming a guitar doesn't mean you're talented.
unpopularopinion,"If someone tells you ""I'll pray for you"" with sincerity, and you respond with a rude comment about religion, you're an asshole."
unpopularopinion,Americans are far from the monsters they are made out to be.
unpopularopinion,Emotes such as “:)” are much better than emojis
unpopularopinion,If alcohol was invented today it would be prohibited
unpopularopinion,"I don't care about school shootings, and neither should you."
unpopularopinion,Burgers that are so big you can't even bite them are stupid
unpopularopinion,"90% of beauty standards women feel are enforced by other women, not men"
unpopularopinion,People who drive 15-20 mph under speed limit and brake check anyone they think is too close are more dangerous than speeders and tailgaters and should be punished more.
videos,"Youtube is Facilitating the Sexual Exploitation of Children, and it's Being Monetized (2019)"
videos,Rapper Sheck Wes doesn't pay for his music video so the production team uploads this instead.
videos,"YouTube channel that uploads piano tutorials has been demonetized for ""repetitious content"""
videos,Tiananmen Square Massacre
videos,Flat Earthers experimentally disproving themselves
videos,"Live streamer unknowingly admits to running a ponzi scheme, conning millions of dollars from investors"
videos,This skit from The Onion News has some of the best acting I’ve ever seen
videos,"A Dad mic'd up his 4 year old at Hockey practise, its as cute as it sounds."
videos,"Former Facebook exec: ""I think we have created tools that are ripping apart the social fabric of how society works. The short-term, dopamine-driven feedback loops we’ve created are destroying how society works. No civil discourse, no cooperation; misinformation, mistruth. You are being programmed"""
videos,Every candidate for the new Batman should be required to audition with this scene
whatisthisthing,"Found in my dads room, really hoping its not a sex thing"
whatisthisthing,My brother found this (missile?) in the woods in Tennessee
whatisthisthing,"This was found by a cleaner hidden under my dresser in my bedroom (she told me very discreetly about this which has me concerned), I’ve tried to google it to no avail. Please help, link in comments with all angles."
whatisthisthing,My father just passed and these are his dress blues from the Air Force can anyone tell me what all of this means? I am at a loss and want to know.
whatisthisthing,Growing in my sink drain. Collapses when I run the water. This is a picture when it is dry. I know it goes all the way down because my sink is not draining as well as it used to. Would love to be able to kill it.
whatisthisthing,"Mom found this bullet on the beach about a year ago, how old is it and from what type of gun?"
whatisthisthing,My license plate has been cloned and I’m receiving fines for their offences. Anybody know what car would have these type of lights?
whatisthisthing,What type of vehicle hit my family member and drove off?
whatisthisthing,Dug this up 3 ft deep in the pavement located in the outskirts of London. Weighs about 6kg. Looks like an unexploded artillery shell. Currently on the phone to police advisory line.
whatisthisthing,Jelly fish found on the beach
wholesomememes,Man invites entire world to celebrate holiday
wholesomememes,wholesome youtuber
wholesomememes,Here’s hoping he yeets for many years to come.
wholesomememes,the most wholesome parents
wholesomememes,That's how every person with Authority in a school should be.
wholesomememes,Tomorrow’s another day
wholesomememes,Happy 62nd Birthday LeVar Burton!
wholesomememes,"Happy crying, so proud"
wholesomememes,You are loved
wholesomememes,"Great sendoff for Duke, thank you for your service"
woooosh,You’re*
woooosh,the flat earth on this tshirt is definitely not a joke
woooosh,this is quite offensive
woooosh,"curse you, perry the platypus"
woooosh,It's almost like it was designed to not make sense
woooosh,This is two stupid
woooosh,Some people are so irrogate
woooosh,5 foot 12
woooosh,Yep... YEP
woooosh,I threw that before I came in the room!
worldnews,"Canadian school board issues 6000 suspension notices over lack of vaccination records, forcing students to vaccinate"
worldnews,Facebook is thinking about removing anti-vaccination content as backlash intensifies over the spread of misinformation on the social network
worldnews,"""Mexican scientist cures the Human Papilloma Virus"" - Eva Ramón Gallegos, a researcher at Mexico National Polytechnic Institute was able to completely eradicate the Human Papilloma Virus (HPV) in 29 patients using non-invasive photodynamic therapy: a method using oxygen and light frequencies."
worldnews,China suddenly takes BBC news off air after Muslim detention camps mentioned
worldnews,Mars Rover Opportunity Is Dead After Record-Breaking 15 Years on Red Planet
worldnews,WHO Recommends Rescheduling Cannabis in International Law for First Time in History
worldnews,Historian who confronted Davos billionaires leaks Tucker Carlson rant
worldnews,"Cardinal George Pell, once the third most powerful man in the Vatican and Australia’s most senior Catholic, has been found guilty of child sexual abuse after a trial in Melbourne."
worldnews,Multiple Whistleblowers Raise Grave Concerns with White House Efforts to Transfer Sensitive U.S. Nuclear Technology to Saudi Arabia
worldnews,Australian Teens Ignore Anti-Vaxxer Parents by Getting Secret Vaccinations
